Subj,Cond,Block,Trial,Order,prim,real result,distance,target,congruent,Resp,Name,Stim,RT,Correct,
1149,1,1,1,13,x,x,,1+3+7,x,-1, 5.wav,1+3+7e.bmp,1134,TRUE,
1149,1,1,2,15,x,x,,5+2+3,x,-1, 6.wav,5+2+3e.bmp,1243,TRUE,
1149,1,1,3,96,x,x,,4+1+3,x,-1, 7.wav,4+1+3e.bmp,1224,TRUE,
1149,1,1,4,7,x,x,,6+3+4,x,-1, 8.wav,6+3+4e.bmp,1705,TRUE,
1149,1,1,0,9,x,x,,x,inst,1,1,fin.bmp,7645,TRUE,
1149,1,1,0,10,x,x,,x,inst,1,1,getready.bmp,1715,TRUE,
1149,1,1,5,14,x,x,,7+2+5,x,-1, 11.wav,7+2+5e.bmp,1395,TRUE,
1149,1,1,6,12,x,x,,3+2+7,x,-1, 12.wav,3+2+7e.bmp,1654,TRUE,
1149,1,1,7,17,x,x,,2+3+4,x,-1, 13.wav,2+3+4e.bmp,1214,TRUE,
1149,1,1,8,18,x,x,,8+1+2,x,-1, 14.wav,8+1+2e.bmp,1494,TRUE,
1149,1,1,9,11,x,x,,6+3+2,x,-1, 15.wav,6+3+2e.bmp,1615,TRUE,
1149,1,1,10,5,x,x,,2+9+1,x,-1, 16.wav,2+9+1e.bmp,1734,TRUE,
1149,1,1,11,21,x,x,,2+4+6,x,-1, 17.wav,2+4+6e.bmp,1084,TRUE,
1149,1,1,12,20,x,x,,6+2+1,x,-1, 18.wav,6+2+1e.bmp,1264,TRUE,
1149,1,1,13,16,x,x,,4+1+5,x,-1, 19.wav,4+1+5e.bmp,1093,TRUE,
1149,1,1,14,98,x,x,,5+3+2,x,-1, 20.wav,5+3+2e.bmp,1254,TRUE,
1149,1,1,15,8,x,x,,4+3+6,x,-1, 21.wav,4+3+6e.bmp,1754,TRUE,
1149,1,1,0,22,x,x,,x,inst,1,1,fin.bmp,33173,TRUE,
1149,1,2,0,23,x,x,,x,inst,1,1,getready.bmp,1655,TRUE,
1149,1,2,1,24,x,x,,x,x,-1, 24.wav,1.bmp,594,TRUE,
1149,1,2,2,26,x,x,,x,x,-1, 25.wav,5.bmp,643,TRUE,
1149,1,2,3,27,x,x,,x,x,-1, 26.wav,9.bmp,554,TRUE,
1149,1,2,4,25,x,x,,x,x,-1, 27.wav,13.bmp,614,TRUE,
1149,1,2,0,28,x,x,,x,inst,1,1,fin.bmp,2580,TRUE,
1149,1,3,0,29,x,x,,x,inst,1,1,getready.bmp,1238,TRUE,
1149,1,3,1,73,1+3+2,6,0,6,TRUE,-1, 30.wav,6.bmp,533,TRUE,1
1149,1,3,2,56,1+2+3,6,0,6,TRUE,-1, 31.wav,6.bmp,594,TRUE,1
1149,1,3,3,40,1+3+2,6,0,6,TRUE,-1, 32.wav,6.bmp,635,TRUE,1
1149,1,3,4,87,1+2+3,6,0,6,TRUE,-1, 33.wav,6.bmp,563,TRUE,1
1149,1,3,5,88,2+1+3,6,-2,8,FALSE,-1, 34.wav,8.bmp,634,TRUE,1
1149,1,3,6,66,3+2+1,6,-4,10,FALSE,-1, 35.wav,10.bmp,564,TRUE,1
1149,1,3,7,80,2+3+1,6,-2,8,FALSE,-1, 36.wav,8.bmp,484,TRUE,1
1149,1,3,8,68,3+1+2,6,-4,10,FALSE,-1, 37.wav,10.bmp,714,TRUE,1
1149,1,3,9,86,4+2+1,7,0,7,TRUE,-1, 38.wav,7.bmp,525,TRUE,1
1149,1,3,10,32,1+4+2,7,0,7,TRUE,-1, 39.wav,7.bmp,564,TRUE,1
1149,1,3,11,67,4+2+1,7,0,7,TRUE,-1, 40.wav,7.bmp,604,TRUE,1
1149,1,3,12,52,1+4+2,7,0,7,TRUE,-1, 41.wav,7.bmp,554,TRUE,1
1149,1,3,13,30,1+2+4,7,-4,11,FALSE,-1, 42.wav,11.bmp,584,TRUE,1
1149,1,3,14,83,2+4+1,7,-2,9,FALSE,-1, 43.wav,9.bmp,484,TRUE,1
1149,1,3,15,59,2+1+4,7,-4,11,FALSE,-1, 44.wav,11.bmp,584,TRUE,1
1149,1,3,16,92,4+1+2,7,-2,9,FALSE,-1, 45.wav,9.bmp,443,TRUE,1
1149,1,3,17,39,5+2+1,8,0,8,TRUE,-1, 46.wav,8.bmp,515,TRUE,1
1149,1,3,18,42,5+1+2,8,0,8,TRUE,-1, 47.wav,8.bmp,565,TRUE,1
1149,1,3,19,45,3+1+4,8,2,6,FALSE,-1, 48.wav,6.bmp,674,TRUE,1
1149,1,3,20,93,2+1+5,8,-4,12,FALSE,-1, 49.wav,12.bmp,624,TRUE,1
1149,1,3,21,54,1+5+2,8,0,8,TRUE,-1, 50.wav,8.bmp,544,TRUE,1
1149,1,3,22,58,1+4+3,8,0,8,TRUE,-1, 51.wav,8.bmp,533,TRUE,1
1149,1,3,23,33,1+2+5,8,2,6,FALSE,-1, 52.wav,6.bmp,574,TRUE,1
1149,1,3,24,31,3+4+1,8,-4,12,FALSE,-1, 53.wav,12.bmp,604,TRUE,1
1149,1,3,25,51,2+1+6,9,0,9,TRUE,-1, 54.wav,9.bmp,484,TRUE,1
1149,1,3,26,65,5+1+3,9,0,9,TRUE,-1, 55.wav,9.bmp,504,TRUE,1
1149,1,3,27,79,3+5+1,9,2,7,FALSE,-1, 56.wav,7.bmp,464,TRUE,1
1149,1,3,28,46,1+5+3,9,-4,13,FALSE,-1, 57.wav,13.bmp,515,TRUE,1
1149,1,3,29,76,1+6+2,9,0,9,TRUE,-1, 58.wav,9.bmp,714,TRUE,1
1149,1,3,30,70,3+2+4,9,0,9,TRUE,-1, 59.wav,9.bmp,454,TRUE,1
1149,1,3,31,82,1+3+5,9,2,7,FALSE,-1, 60.wav,7.bmp,594,TRUE,1
1149,1,3,32,81,1+2+6,9,-4,13,FALSE,-1, 61.wav,13.bmp,523,TRUE,1
1149,1,3,33,72,3+5+2,10,0,10,TRUE,-1, 62.wav,10.bmp,544,TRUE,1
1149,1,3,34,89,1+2+7,10,0,10,TRUE,-1, 63.wav,10.bmp,605,TRUE,1
1149,1,3,35,63,3+6+1,10,-2,12,FALSE,-1, 64.wav,12.bmp,684,TRUE,1
1149,1,3,36,91,2+1+7,10,4,6,FALSE,-1, 65.wav,6.bmp,574,TRUE,1
1149,1,3,37,36,7+2+1,10,0,10,TRUE,-1, 66.wav,10.bmp,733,TRUE,1
1149,1,3,38,57,1+5+4,10,0,10,TRUE,-1, 67.wav,10.bmp,603,TRUE,1
1149,1,3,39,41,6+3+1,10,-2,12,FALSE,-1, 68.wav,12.bmp,674,TRUE,1
1149,1,3,40,62,2+5+3,10,4,6,FALSE,-1, 69.wav,6.bmp,464,TRUE,1
1149,1,3,41,78,6+4+1,11,0,11,TRUE,-1, 70.wav,11.bmp,525,TRUE,1
1149,1,3,42,71,4+1+6,11,0,11,TRUE,-1, 71.wav,11.bmp,533,TRUE,1
1149,1,3,43,50,1+4+6,11,-2,13,FALSE,-1, 72.wav,13.bmp,574,TRUE,1
1149,1,3,44,43,3+6+2,11,4,7,FALSE,-1, 73.wav,7.bmp,614,TRUE,1
1149,1,3,45,69,2+6+3,11,0,11,TRUE,-1, 74.wav,11.bmp,565,TRUE,1
1149,1,3,46,61,6+1+4,11,0,11,TRUE,-1, 75.wav,11.bmp,494,TRUE,1
1149,1,3,47,90,4+6+1,11,-2,13,FALSE,-1, 76.wav,13.bmp,465,TRUE,1
1149,1,3,48,77,2+8+1,11,4,7,FALSE,-1, 77.wav,7.bmp,605,TRUE,1
1149,1,3,49,44,1+9+2,12,0,12,TRUE,-1, 78.wav,12.bmp,554,TRUE,1
1149,1,3,50,60,5+6+1,12,0,12,TRUE,-1, 79.wav,12.bmp,615,TRUE,1
1149,1,3,51,38,8+1+3,12,2,10,FALSE,-1, 80.wav,10.bmp,565,TRUE,1
1149,1,3,52,64,3+8+1,12,0,12,TRUE,-1, 81.wav,12.bmp,724,TRUE,1
1149,1,3,53,49,9+2+1,12,0,12,TRUE,-1, 82.wav,12.bmp,603,TRUE,1
1149,1,3,54,35,7+2+3,12,4,8,FALSE,-1, 83.wav,8.bmp,115,TRUE,1
1149,1,3,55,55,4+3+5,12,2,10,FALSE,-1, 84.wav,10.bmp,573,TRUE,1
1149,1,3,56,34,9+1+2,12,4,8,FALSE,-1, 85.wav,8.bmp,565,TRUE,1
1149,1,3,57,75,5+6+2,13,0,13,TRUE,-1, 86.wav,13.bmp,574,TRUE,1
1149,1,3,58,84,1+7+5,13,0,13,TRUE,-1, 87.wav,13.bmp,444,TRUE,1
1149,1,3,59,48,4+6+3,13,2,11,FALSE,-1, 88.wav,11.bmp,544,TRUE,1
1149,1,3,60,53,3+8+2,13,4,9,FALSE,-1, 89.wav,9.bmp,544,TRUE,1
1149,1,3,61,37,5+7+1,13,0,13,TRUE,-1, 90.wav,13.bmp,544,TRUE,1
1149,1,3,62,47,7+5+1,13,0,13,TRUE,-1, 91.wav,13.bmp,533,TRUE,1
1149,1,3,63,85,7+1+5,13,2,11,FALSE,-1, 92.wav,11.bmp,404,TRUE,1
1149,1,3,64,74,8+3+2,13,4,9,FALSE,-1, 93.wav,9.bmp,554,TRUE,1
1149,1,3,0,94,x,x,,x,inst,1,1,fin.bmp,32221,TRUE,
1149,1,4,0,95,x,x,,x,inst,1,1,getready.bmp,1533,TRUE,
1149,1,4,1,6,x,x,,1+3+6,x,-1, 96.wav,1+3+6e.bmp,834,TRUE,
1149,1,4,2,99,x,x,,2+3+5,x,-1, 97.wav,2+3+5e.bmp,1435,TRUE,
1149,1,4,3,97,x,x,,4+5+1,x,-1, 98.wav,4+5+1e.bmp,914,TRUE,
1149,1,4,4,100,x,x,,1+7+2,x,-1, 99.wav,1+7+2e.bmp,1485,TRUE,
1149,1,4,5,19,x,x,,3+7+1,x,-1, 100.wav,3+7+1e.bmp,924,TRUE,
1149,1,4,0,101,x,x,,x,inst,1,1,fin.bmp,5741,TRUE,
1149,1,5,0,102,x,x,,x,inst,1,1,getready.bmp,968,TRUE,
1149,1,5,1,113,x,x,,9-2-1e,x,-1, 103.wav,9-2-1e.bmp,1223,TRUE,
1149,1,5,2,106,x,x,,3-2-1e,x,-1, 104.wav,3-2-1e.bmp,1354,TRUE,
1149,1,5,3,114,x,x,,6-2-1e,x,-1, 105.wav,6-2-1e.bmp,1465,TRUE,
1149,1,5,4,105,x,x,,6-4-1e,x,-1, 106.wav,6-4-1e.bmp,1834,TRUE,
1149,1,5,0,107,x,x,,x,inst,1,1,fin.bmp,31560,TRUE,
1149,1,5,0,108,x,x,,x,inst,1,1,getready.bmp,1022,TRUE,
1149,1,5,5,112,x,x,,4-1-2e,x,-1, 109.wav,4-1-2e.bmp,1145,TRUE,
1149,1,5,6,116,x,x,,5-1-2e,x,-1, 110.wav,5-1-2e.bmp,1414,TRUE,
1149,1,5,7,119,x,x,,6-3-1e,x,-1, 111.wav,6-3-1e.bmp,2134,TRUE,
1149,1,5,8,182,x,x,,9-3-5e,x,-1, 112.wav,9-3-5e.bmp,1414,TRUE,
1149,1,5,9,180,x,x,,6-1-3e,x,-1, 113.wav,6-1-3e.bmp,1403,TRUE,
1149,1,5,10,109,x,x,,7-2-2e,x,-1, 114.wav,7-2-2e.bmp,2034,TRUE,
1149,1,5,11,181,x,x,,6-2-3e,x,-1, 115.wav,6-2-3e.bmp,1165,TRUE,
1149,1,5,12,178,x,x,,9-3-6e,x,-1, 116.wav,9-3-6e.bmp,1714,TRUE,
1149,1,5,13,179,x,x,,6-2-4e,x,-1, 117.wav,6-2-4e.bmp,1095,TRUE,
1149,1,5,14,103,x,x,,4-1-3e,x,-1, 118.wav,4-1-3e.bmp,1704,TRUE,
1149,1,5,15,110,x,x,,8-2-3e,x,-1, 119.wav,8-2-3e.bmp,1505,TRUE,
1149,1,5,0,120,x,x,,x,inst,1,1,fin.bmp,10575,TRUE,
1149,1,6,0,121,x,x,,x,inst,1,1,getready.bmp,1536,TRUE,
1149,1,6,1,124,x,x,,x,x,-1, 122.wav,1.bmp,514,TRUE,
1149,1,6,2,123,x,x,,x,x,-1, 123.wav,5.bmp,604,TRUE,
1149,1,6,3,125,x,x,,x,x,-1, 124.wav,9.bmp,594,TRUE,
1149,1,6,4,122,x,x,,x,x,-1, 125.wav,13.bmp,754,TRUE,
1149,1,6,0,126,x,x,,x,inst,1,1,fin.bmp,54186,TRUE,
1149,1,7,0,127,x,x,,x,inst,1,1,getready.bmp,1482,TRUE,
1149,1,7,1,130,7/2/2005,0,0,0,TRUE,-1, 128.wav,0.bmp,624,TRUE,1
1149,1,7,2,142,6/5/2001,0,0,0,TRUE,-1, 129.wav,0.bmp,515,TRUE,1
1149,1,7,3,153,7/3/2004,0,-1,1,FALSE,-1, 130.wav,1.bmp,594,TRUE,1
1149,1,7,4,133,8/6/2002,0,-3,3,FALSE,-1, 131.wav,3.bmp,614,TRUE,1
1149,1,7,5,134,5/2/2003,0,-1,1,FALSE,-1, 132.wav,1.bmp,584,TRUE,1
1149,1,7,6,138,9/5/2004,0,0,0,TRUE,-1, 133.wav,0.bmp,454,TRUE,1
1149,1,7,7,164,8/3/2005,0,0,0,TRUE,-1, 134.wav,0.bmp,715,TRUE,1
1149,1,7,8,139,8/1/2007,0,-3,3,FALSE,-1, 135.wav,3.bmp,574,TRUE,1
1149,1,7,9,174,7/2/2004,1,0,1,TRUE,-1, 136.wav,1.bmp,575,TRUE,1
1149,1,7,10,151,8/5/2002,1,0,1,TRUE,-1, 137.wav,1.bmp,604,TRUE,1
1149,1,7,11,167,8/3/2004,1,1,0,FALSE,-1, 138.wav,0.bmp,714,TRUE,1
1149,1,7,12,129,7/4/2002,1,1,0,FALSE,-1, 139.wav,0.bmp,664,TRUE,1
1149,1,7,13,136,9/6/2002,1,0,1,TRUE,-1, 140.wav,1.bmp,584,TRUE,1
1149,1,7,14,166,5/2/2002,1,0,1,TRUE,-1, 141.wav,1.bmp,473,TRUE,1
1149,1,7,15,143,8/2/2005,1,-3,4,FALSE,-1, 142.wav,4.bmp,575,TRUE,1
1149,1,7,16,173,9/2/2006,1,-3,4,FALSE,-1, 143.wav,4.bmp,675,TRUE,1
1149,1,7,17,159,4/1/2001,2,0,2,TRUE,-1, 144.wav,2.bmp,484,TRUE,1
1149,1,7,18,145,9/1/2006,2,-1,3,FALSE,-1, 145.wav,3.bmp,513,TRUE,1
1149,1,7,19,132,8/5/2001,2,-1,3,FALSE,-1, 146.wav,3.bmp,584,TRUE,1
1149,1,7,20,171,8/1/2005,2,0,2,TRUE,-1, 147.wav,2.bmp,423,TRUE,1
1149,1,7,21,149,7/4/2001,2,0,2,TRUE,-1, 148.wav,2.bmp,494,TRUE,1
1149,1,7,22,160,8/3/2003,2,-3,5,FALSE,-1, 149.wav,5.bmp,674,TRUE,1
1149,1,7,23,152,9/3/2004,2,-3,5,FALSE,-1, 150.wav,5.bmp,554,TRUE,1
1149,1,7,24,157,7/1/2004,2,0,2,TRUE,-1, 151.wav,2.bmp,595,TRUE,1
1149,1,7,25,170,5/1/2001,3,0,3,TRUE,-1, 152.wav,3.bmp,524,TRUE,1
1149,1,7,26,146,9/5/2001,3,0,3,TRUE,-1, 153.wav,3.bmp,454,TRUE,1
1149,1,7,27,140,6/1/2002,3,3,0,FALSE,-1, 154.wav,0.bmp,494,TRUE,1
1149,1,7,28,147,8/1/2004,3,0,3,TRUE,-1, 155.wav,3.bmp,554,TRUE,1
1149,1,7,29,158,8/1/2004,3,1,2,FALSE,-1, 156.wav,2.bmp,604,TRUE,1
1149,1,7,30,144,9/4/2002,3,3,0,FALSE,-1, 157.wav,0.bmp,573,TRUE,1
1149,1,7,31,131,9/2/2004,3,0,3,TRUE,-1, 158.wav,3.bmp,504,TRUE,1
1149,1,7,32,168,9/1/2005,3,1,2,FALSE,-1, 159.wav,2.bmp,524,TRUE,1
1149,1,7,33,156,6/1/2001,4,0,4,TRUE,-1, 160.wav,4.bmp,654,TRUE,1
1149,1,7,34,155,9/2/2003,4,3,1,FALSE,-1, 161.wav,1.bmp,573,TRUE,1
1149,1,7,35,141,8/3/2001,4,0,4,TRUE,-1, 162.wav,4.bmp,614,TRUE,1
1149,1,7,36,172,7/1/2002,4,-1,5,FALSE,-1, 163.wav,5.bmp,534,TRUE,1
1149,1,7,37,154,8/2/2002,4,0,4,TRUE,-1, 164.wav,4.bmp,655,TRUE,1
1149,1,7,38,165,9/3/2002,4,0,4,TRUE,-1, 165.wav,4.bmp,574,TRUE,1
1149,1,7,39,128,8/1/2003,4,-1,5,FALSE,-1, 166.wav,5.bmp,784,TRUE,1
1149,1,7,40,148,9/2/2003,4,3,1,FALSE,-1, 167.wav,1.bmp,524,TRUE,1
1149,1,7,41,162,7/1/2001,5,0,5,TRUE,-1, 168.wav,5.bmp,535,TRUE,1
1149,1,7,42,150,8/2/2001,5,0,5,TRUE,-1, 169.wav,5.bmp,594,TRUE,1
1149,1,7,43,175,9/3/2001,5,3,2,FALSE,-1, 170.wav,2.bmp,643,TRUE,1
1149,1,7,44,161,8/1/2002,5,1,4,FALSE,-1, 171.wav,4.bmp,484,TRUE,1
1149,1,7,45,169,9/3/2001,5,0,5,TRUE,-1, 172.wav,5.bmp,604,TRUE,1
1149,1,7,46,135,9/1/2003,5,0,5,TRUE,-1, 173.wav,5.bmp,685,TRUE,1
1149,1,7,47,163,7/1/2001,5,3,2,FALSE,-1, 174.wav,2.bmp,584,TRUE,1
1149,1,7,48,137,9/2/2002,5,1,4,FALSE,-1, 175.wav,4.bmp,554,TRUE,1
1149,1,7,0,176,x,x,,x,inst,1,1,fin.bmp,30856,TRUE,
1149,1,4,0,177,x,x,,x,inst,1,1,getready.bmp,1382,TRUE,
1149,1,6,1,115,x,x,,5-4-1e,x,-1, 178.wav,5-4-1e.bmp,1104,TRUE,
1149,1,6,2,117,x,x,,7-5-2e,x,-1, 179.wav,7-5-2e.bmp,1215,TRUE,
1149,1,6,3,104,x,x,,8-2-6e,x,-1, 180.wav,8-2-6e.bmp,1294,TRUE,
1149,1,6,4,118,x,x,,9-8-1e,x,-1, 181.wav,9-8-1e.bmp,1945,TRUE,
1149,1,6,5,111,x,x,,6-1-5e,x,-1, 182.wav,6-1-5e.bmp,1695,TRUE,
1149,1,7,0,183,x,x,,x,inst,1,1,fin.bmp,25071,TRUE,
1149,1,8,0,184,x,x,,x,inst,1,1,inst1.bmp,7236,TRUE,
1149,1,8,0,185,x,x,,x,inst,1,1,inst2.bmp,4955,TRUE,
1149,1,8,0,186,x,x,,x,inst,1,1,inst3.bmp,4715,TRUE,
1149,1,8,0,187,x,x,,x,inst,1,1,inst4.bmp,11252,TRUE,
1149,1,8,0,195,U-R-Y,x,,x,x,-1, 188.wav,fix.bmp,114,TRUE,
1149,1,8,0,194,V-T-P,x,,x,x,-1, 189.wav,fix.bmp,154,TRUE,
1149,1,8,0,197,Z-S-E,x,,x,x,-1, 190.wav,fix.bmp,113,TRUE,
1149,1,8,0,196,L+B+J,x,,x,x,-1, 191.wav,fix.bmp,2694,TRUE,
1149,1,8,0,189,N+K+Q,x,,x,x,-1, 192.wav,fix.bmp,124,TRUE,
1149,1,8,0,193,7+2+5,x,,x,x,-1, 193.wav,fix.bmp,101,TRUE,
1149,1,8,0,190,3+2+7,x,,x,x,-1, 194.wav,fix.bmp,101,TRUE,
1149,1,8,0,191,2+3+4,x,,x,x,-1, 195.wav,fix.bmp,105,TRUE,
1149,1,8,0,192,5/4/2001,x,,x,x,-1, 196.wav,fix.bmp,103,TRUE,
1149,1,8,0,188,7/5/2002,x,,x,x,-1, 197.wav,fix.bmp,193,TRUE,
1149,1,8,0,198,x,x,,x,inst,1,1,fin.bmp,13614,TRUE,
1149,1,8,0,199,x,x,,x,inst,1,1,inst5.bmp,8063,TRUE,
1149,1,8,0,200,x,x,,x,inst,1,1,inst6.bmp,25517,TRUE,
1149,1,8,0,204,U-R-Y,x,,x,x,-1, 201.wav,fix.bmp,944,TRUE,
1149,1,8,0,205,V-T-P,x,,x,x,-1, 202.wav,fix.bmp,1015,TRUE,
1149,1,8,0,210,Z-S-E,x,,x,x,-1, 203.wav,fix.bmp,1244,TRUE,
1149,1,8,0,203,L+B+J,x,,x,x,-1, 204.wav,fix.bmp,1283,TRUE,
1149,1,8,0,208,N+K+Q,x,,x,x,-1, 205.wav,fix.bmp,973,TRUE,
1149,1,8,0,207,7+2+5,x,,x,x,-1, 206.wav,fix.bmp,934,TRUE,
1149,1,8,0,209,3+2+7,x,,x,x,-1, 207.wav,fix.bmp,933,TRUE,
1149,1,8,0,202,2+3+4,x,,x,x,-1, 208.wav,fix.bmp,1143,TRUE,
1149,1,8,0,201,5/4/2001,x,,x,x,-1, 209.wav,fix.bmp,10804,TRUE,
1149,1,8,0,206,7/5/2002,x,,x,x,-1, 210.wav,fix.bmp,815,TRUE,
1149,1,7,0,211,x,x,,x,inst,1,1,fin.bmp,5582,TRUE,
1149,1,8,0,212,x,x,,x,inst,1,1,getready.bmp,1345,TRUE,
1149,1,8,1,253,C+U+A,,,,letters,-1, 213.wav,fix.bmp,463,TRUE,1
1149,1,8,2,274,L+B+C,,,,letters,-1, 214.wav,fix.bmp,525,TRUE,0
1149,1,8,3,255,D+M+A,,,,letters,-1, 215.wav,fix.bmp,384,TRUE,0
1149,1,8,4,244,E+L+S,,,,letters,-1, 216.wav,fix.bmp,465,TRUE,1
1149,1,8,5,219,H+B+V,,,,letters,-1, 217.wav,fix.bmp,674,TRUE,0
1149,1,8,6,237,K+N+F,,,,letters,-1, 218.wav,fix.bmp,535,TRUE,0
1149,1,8,7,234,A+T+B,,,,letters,-1, 219.wav,fix.bmp,384,TRUE,0
1149,1,8,8,221,M+Q+T,,,,letters,-1, 220.wav,fix.bmp,544,TRUE,1
1149,1,8,9,213,T+A+L,,,,letters,-1, 221.wav,fix.bmp,733,TRUE,1
1149,1,8,10,240,E+Q+F,,,,letters,-1, 222.wav,fix.bmp,424,TRUE,0
1149,1,8,11,272,G+Z+D,,,,letters,-1, 223.wav,fix.bmp,584,TRUE,0
1149,1,8,12,260,V+E+P,,,,letters,-1, 224.wav,fix.bmp,434,TRUE,1
1149,1,8,13,239,H+Q+K,,,,letters,-1, 225.wav,fix.bmp,504,TRUE,0
1149,1,8,14,250,S+B+H,,,,letters,-1, 226.wav,fix.bmp,475,TRUE,1
1149,1,8,15,238,B+C+N,,,,letters,-1, 227.wav,fix.bmp,474,TRUE,1
1149,1,8,16,271,R+L+E,,,,letters,-1, 228.wav,fix.bmp,644,TRUE,1
1149,1,8,17,247,E-D-T,,,,letters,-1, 229.wav,fix.bmp,484,TRUE,0
1149,1,8,18,265,S-N-H,,,,letters,-1, 230.wav,fix.bmp,114,TRUE,1
1149,1,8,19,276,N-R-U,,,,letters,-1, 231.wav,fix.bmp,514,TRUE,0
1149,1,8,20,269,S-N-E,,,,letters,-1, 232.wav,fix.bmp,101,TRUE,1
1149,1,8,21,232,Q-N-W,,,,letters,-1, 233.wav,fix.bmp,534,TRUE,1
1149,1,8,22,257,M-R-K,,,,letters,-1, 234.wav,fix.bmp,454,TRUE,1
1149,1,8,23,230,F-V-M,,,,letters,-1, 235.wav,fix.bmp,565,TRUE,1
1149,1,8,24,229,Z-A-X,,,,letters,-1, 236.wav,fix.bmp,363,TRUE,1
1149,1,8,25,223,C-K-B,,,,letters,-1, 237.wav,fix.bmp,534,TRUE,0
1149,1,8,26,251,L-T-X,,,,letters,-1, 238.wav,fix.bmp,453,TRUE,0
1149,1,8,27,261,W-L-Y,,,,letters,-1, 239.wav,fix.bmp,394,TRUE,1
1149,1,8,28,254,G-A-J,,,,letters,-1, 240.wav,fix.bmp,403,TRUE,1
1149,1,8,29,236,D-R-Q,,,,letters,-1, 241.wav,fix.bmp,574,TRUE,1
1149,1,8,30,258,L-A-H,,,,letters,-1, 242.wav,fix.bmp,523,TRUE,1
1149,1,8,31,216,F-W-G,,,,letters,-1, 243.wav,fix.bmp,634,TRUE,1
1149,1,8,32,215,U-C-A,,,,letters,-1, 244.wav,fix.bmp,824,TRUE,1
1149,1,8,33,224,9/6/2002,,,,x,-1, 245.wav,fix.bmp,274,TRUE,0
1149,1,8,34,222,5/2/2002,,,,x,-1, 246.wav,fix.bmp,644,TRUE,1
1149,1,8,35,246,8/2/2005,,,,x,-1, 247.wav,fix.bmp,285,TRUE,1
1149,1,8,36,235,9/2/2006,,,,x,-1, 248.wav,fix.bmp,534,TRUE,1
1149,1,8,37,233,4/1/2001,,,,x,-1, 249.wav,fix.bmp,454,TRUE,1
1149,1,8,38,220,9/1/2006,,,,x,-1, 250.wav,fix.bmp,735,TRUE,0
1149,1,8,39,252,8/5/2001,,,,x,-1, 251.wav,fix.bmp,423,TRUE,1
1149,1,8,40,266,8/1/2005,,,,x,-1, 252.wav,fix.bmp,374,TRUE,0
1149,1,8,41,270,7/4/2001,,,,x,-1, 253.wav,fix.bmp,545,TRUE,1
1149,1,8,42,259,8/3/2003,,,,x,-1, 254.wav,fix.bmp,365,TRUE,1
1149,1,8,43,248,9/3/2004,,,,x,-1, 255.wav,fix.bmp,554,TRUE,1
1149,1,8,44,262,7/1/2004,,,,x,-1, 256.wav,fix.bmp,393,TRUE,0
1149,1,8,45,275,5/1/2001,,,,x,-1, 257.wav,fix.bmp,594,TRUE,1
1149,1,8,46,231,9/5/2001,,,,x,-1, 258.wav,fix.bmp,475,TRUE,1
1149,1,8,47,241,6/1/2002,,,,x,-1, 259.wav,fix.bmp,473,TRUE,0
1149,1,8,48,217,8/1/2004,,,,x,-1, 260.wav,fix.bmp,693,TRUE,0
1149,1,8,49,256,3+1+4,,,,x,-1, 261.wav,fix.bmp,406,TRUE,1
1149,1,8,50,225,2+1+5,,,,x,-1, 262.wav,fix.bmp,414,TRUE,0
1149,1,8,51,264,1+5+2,,,,x,-1, 263.wav,fix.bmp,523,TRUE,1
1149,1,8,52,214,1+4+3,,,,x,-1, 264.wav,fix.bmp,754,TRUE,1
1149,1,8,53,263,1+2+5,,,,x,-1, 265.wav,fix.bmp,524,TRUE,1
1149,1,8,54,243,3+4+1,,,,x,-1, 266.wav,fix.bmp,424,TRUE,1
1149,1,8,55,227,2+1+6,,,,x,-1, 267.wav,fix.bmp,634,TRUE,1
1149,1,8,56,249,5+1+3,,,,x,-1, 268.wav,fix.bmp,444,TRUE,0
1149,1,8,57,245,3+5+1,,,,x,-1, 269.wav,fix.bmp,463,TRUE,0
1149,1,8,58,228,1+5+3,,,,x,-1, 270.wav,fix.bmp,523,TRUE,0
1149,1,8,59,267,1+6+2,,,,x,-1, 271.wav,fix.bmp,315,TRUE,1
1149,1,8,60,273,3+2+4,,,,x,-1, 272.wav,fix.bmp,424,TRUE,0
1149,1,8,61,242,1+3+5,,,,x,-1, 273.wav,fix.bmp,454,TRUE,0
1149,1,8,62,268,1+2+6,,,,x,-1, 274.wav,fix.bmp,363,TRUE,1
1149,1,8,63,218,3+5+2,,,,x,-1, 275.wav,fix.bmp,604,TRUE,1
1149,1,8,64,226,1+2+7,,,,x,-1, 276.wav,fix.bmp,493,TRUE,1
1149,1,8,0,277,x,x,,x,inst,1,1,fin.bmp,5550,TRUE,
1149,1,9,0,278,x,x,x,x,inst,1,1,,40356,TRUE,
1149,1,9,0,279,x,x,,x,inst,1,1,inst7.bmp,5557,TRUE,
1149,1,9,0,280,x,x,x,x,inst,1,1,getready.bmp,4147,TRUE,
1149,1,9,1,281,x,x,x,x,x,-1, 281.wav,back.bmp,444,TRUE,
1149,1,9,2,282,x,x,x,x,x,-1, 282.wav,back.bmp,334,TRUE,
1149,1,9,3,283,x,x,x,x,x,-1, 283.wav,back.bmp,494,TRUE,
1149,1,9,4,284,x,x,x,x,x,-1, 284.wav,back.bmp,424,TRUE,
1149,1,9,5,285,x,x,x,x,x,-1, 285.wav,back.bmp,374,TRUE,
1149,1,9,6,286,x,x,x,x,x,-1, 286.wav,back.bmp,454,TRUE,
1149,1,9,7,287,x,x,x,x,x,-1, 287.wav,back.bmp,324,TRUE,
1149,1,9,8,288,x,x,x,x,x,-1, 288.wav,back.bmp,434,TRUE,
1149,1,9,9,289,x,x,x,x,x,-1, 289.wav,back.bmp,445,TRUE,
1149,1,9,10,290,x,x,x,x,x,-1, 290.wav,back.bmp,133,TRUE,
1149,1,9,11,291,x,x,x,x,x,-1, 291.wav,back.bmp,313,TRUE,
1149,1,9,12,292,x,x,x,x,x,-1, 292.wav,back.bmp,254,TRUE,
1149,1,9,13,293,x,x,x,x,x,-1, 293.wav,back.bmp,414,TRUE,
1149,1,9,14,294,x,x,x,x,x,-1, 294.wav,back.bmp,474,TRUE,
1149,1,9,15,295,x,x,x,x,x,-1, 295.wav,back.bmp,385,TRUE,
1149,1,9,16,296,x,x,x,x,x,-1, 296.wav,back.bmp,4814,TRUE,
1149,1,9,0,297,x,x,x,x,inst,1,1,fin.bmp,12889,TRUE,
1149,1,10,0,298,x,x,x,x,inst,1,1,getready.bmp,885,TRUE,
1149,1,10,0,302,x,x,x,x,inst,-1, 299.wav,1+3+7e.bmp,1074,TRUE,
1149,1,10,0,301,x,x,x,x,inst,-1, 300.wav,5+2+3e.bmp,1243,TRUE,
1149,1,10,0,300,x,x,x,x,inst,-1, 301.wav,4+1+3e.bmp,1643,TRUE,
1149,1,10,0,299,x,x,x,x,inst,-1, 302.wav,6+3+4e.bmp,1354,TRUE,
1149,1,10,0,303,x,x,x,x,inst,1,1,fin.bmp,5944,TRUE,
1149,1,10,0,304,x,x,x,x,inst,1,1,getready.bmp,976,TRUE,
1149,1,10,1,337,irelevat,6,irelevat,1+3+2e,irelevat,-1, 305.wav,1+3+2e.bmp,985,TRUE,
1149,1,10,2,339,irelevat,6,irelevat,1+2+3e,irelevat,-1, 306.wav,1+2+3e.bmp,1004,TRUE,
1149,1,10,3,358,irelevat,6,irelevat,1+3+2e,irelevat,-1, 307.wav,1+3+2e.bmp,994,TRUE,
1149,1,10,4,319,irelevat,6,irelevat,1+2+3e,irelevat,-1, 308.wav,1+2+3e.bmp,934,TRUE,
1149,1,10,5,352,irelevat,6,irelevat,2+1+3e,irelevat,-1, 309.wav,2+1+3e.bmp,943,TRUE,
1149,1,10,6,351,irelevat,6,irelevat,3+2+1e,irelevat,-1, 310.wav,3+2+1e.bmp,1065,TRUE,
1149,1,10,7,316,irelevat,6,irelevat,2+3+1e,irelevat,-1, 311.wav,2+3+1e.bmp,184,TRUE,
1149,1,10,8,364,irelevat,6,irelevat,3+1+2e,irelevat,-1, 312.wav,3+1+2e.bmp,904,TRUE,
1149,1,10,9,367,irelevat,7,irelevat,4+2+1e,irelevat,-1, 313.wav,4+2+1e.bmp,1433,TRUE,
1149,1,10,10,330,irelevat,7,irelevat,1+4+2e,irelevat,-1, 314.wav,1+4+2e.bmp,1894,TRUE,
1149,1,10,11,349,irelevat,7,irelevat,4+2+1e,irelevat,-1, 315.wav,4+2+1e.bmp,1225,TRUE,
1149,1,10,12,332,irelevat,7,irelevat,1+4+2e,irelevat,-1, 316.wav,1+4+2e.bmp,1114,TRUE,
1149,1,10,13,336,irelevat,7,irelevat,1+2+4e,irelevat,-1, 317.wav,1+2+4e.bmp,1204,TRUE,
1149,1,10,14,357,irelevat,7,irelevat,2+4+1e,irelevat,-1, 318.wav,2+4+1e.bmp,914,TRUE,
1149,1,10,15,329,irelevat,7,irelevat,2+1+4e,irelevat,-1, 319.wav,2+1+4e.bmp,1244,TRUE,
1149,1,10,16,347,irelevat,7,irelevat,4+1+2e,irelevat,-1, 320.wav,4+1+2e.bmp,1184,TRUE,
1149,1,10,17,328,irelevat,8,irelevat,5+2+1e,irelevat,-1, 321.wav,5+2+1e.bmp,1284,TRUE,
1149,1,10,18,327,irelevat,8,irelevat,5+1+2e,irelevat,-1, 322.wav,5+1+2e.bmp,1084,TRUE,
1149,1,10,19,324,irelevat,8,irelevat,3+1+4e,irelevat,-1, 323.wav,3+1+4e.bmp,1044,TRUE,
1149,1,10,20,360,irelevat,8,irelevat,2+1+5e,irelevat,-1, 324.wav,2+1+5e.bmp,1184,TRUE,
1149,1,10,21,314,irelevat,8,irelevat,1+5+2e,irelevat,-1, 325.wav,1+5+2e.bmp,1104,TRUE,
1149,1,10,22,311,irelevat,8,irelevat,1+4+3e,irelevat,-1, 326.wav,1+4+3e.bmp,1244,TRUE,
1149,1,10,23,345,irelevat,8,irelevat,1+2+5e,irelevat,-1, 327.wav,1+2+5e.bmp,1074,TRUE,
1149,1,10,24,318,irelevat,8,irelevat,3+4+1e,irelevat,-1, 328.wav,3+4+1e.bmp,1594,TRUE,
1149,1,10,25,338,irelevat,9,irelevat,2+1+6e,irelevat,-1, 329.wav,2+1+6e.bmp,1344,TRUE,
1149,1,10,26,359,irelevat,9,irelevat,5+1+3e,irelevat,-1, 330.wav,5+1+3e.bmp,1214,TRUE,
1149,1,10,27,353,irelevat,9,irelevat,3+5+1e,irelevat,-1, 331.wav,3+5+1e.bmp,1584,TRUE,
1149,1,10,28,334,irelevat,9,irelevat,1+5+3e,irelevat,-1, 332.wav,1+5+3e.bmp,934,TRUE,
1149,1,10,29,344,irelevat,9,irelevat,1+6+2e,irelevat,-1, 333.wav,1+6+2e.bmp,1434,TRUE,
1149,1,10,30,310,irelevat,9,irelevat,3+2+4e,irelevat,-1, 334.wav,3+2+4e.bmp,1374,TRUE,
1149,1,10,31,323,irelevat,9,irelevat,1+3+5e,irelevat,-1, 335.wav,1+3+5e.bmp,925,TRUE,
1149,1,10,32,354,irelevat,9,irelevat,1+2+6e,irelevat,-1, 336.wav,1+2+6e.bmp,1055,TRUE,
1149,1,10,33,326,irelevat,10,irelevat,3+5+2e,irelevat,-1, 337.wav,3+5+2e.bmp,1214,TRUE,
1149,1,10,34,366,irelevat,10,irelevat,1+2+7e,irelevat,-1, 338.wav,1+2+7e.bmp,604,TRUE,
1149,1,10,35,313,irelevat,10,irelevat,3+6+1e,irelevat,-1, 339.wav,3+6+1e.bmp,983,TRUE,
1149,1,10,36,350,irelevat,10,irelevat,2+1+7e,irelevat,-1, 340.wav,2+1+7e.bmp,1524,TRUE,
1149,1,10,37,346,irelevat,10,irelevat,7+2+1e,irelevat,-1, 341.wav,7+2+1e.bmp,1314,TRUE,
1149,1,10,38,333,irelevat,10,irelevat,1+5+4e,irelevat,-1, 342.wav,1+5+4e.bmp,1165,TRUE,
1149,1,10,39,365,irelevat,10,irelevat,6+3+1e,irelevat,-1, 343.wav,6+3+1e.bmp,964,TRUE,
1149,1,10,40,309,irelevat,10,irelevat,2+5+3e,irelevat,-1, 344.wav,2+5+3e.bmp,1103,TRUE,
1149,1,10,41,321,irelevat,11,irelevat,6+4+1e,irelevat,-1, 345.wav,6+4+1e.bmp,874,TRUE,
1149,1,10,42,331,irelevat,11,irelevat,4+1+6e,irelevat,-1, 346.wav,4+1+6e.bmp,954,TRUE,
1149,1,10,43,317,irelevat,11,irelevat,1+4+6e,irelevat,-1, 347.wav,1+4+6e.bmp,1074,TRUE,
1149,1,10,44,348,irelevat,11,irelevat,3+6+2e,irelevat,-1, 348.wav,3+6+2e.bmp,1124,TRUE,
1149,1,10,45,322,irelevat,11,irelevat,2+6+3e,irelevat,-1, 349.wav,2+6+3e.bmp,1254,TRUE,
1149,1,10,46,361,irelevat,11,irelevat,6+1+4e,irelevat,-1, 350.wav,6+1+4e.bmp,1015,TRUE,
1149,1,10,47,363,irelevat,11,irelevat,4+6+1e,irelevat,-1, 351.wav,4+6+1e.bmp,834,TRUE,
1149,1,10,48,343,irelevat,11,irelevat,2+8+1e,irelevat,-1, 352.wav,2+8+1e.bmp,1074,TRUE,
1149,1,10,49,325,irelevat,12,irelevat,1+9+2e,irelevat,-1, 353.wav,1+9+2e.bmp,1473,TRUE,
1149,1,10,50,307,irelevat,12,irelevat,5+6+1e,irelevat,-1, 354.wav,5+6+1e.bmp,1584,TRUE,
1149,1,10,51,320,irelevat,12,irelevat,8+1+3e,irelevat,-1, 355.wav,8+1+3e.bmp,1555,TRUE,
1149,1,10,52,308,irelevat,12,irelevat,3+8+1e,irelevat,-1, 356.wav,3+8+1e.bmp,1664,TRUE,
1149,1,10,53,362,irelevat,12,irelevat,9+2+1e,irelevat,-1, 357.wav,9+2+1e.bmp,1345,TRUE,
1149,1,10,54,335,irelevat,12,irelevat,7+2+3e,irelevat,-1, 358.wav,7+2+3e.bmp,2243,TRUE,
1149,1,10,55,341,irelevat,12,irelevat,4+3+5e,irelevat,-1, 359.wav,4+3+5e.bmp,1385,TRUE,
1149,1,10,56,312,irelevat,12,irelevat,9+1+2e,irelevat,-1, 360.wav,9+1+2e.bmp,1154,TRUE,
1149,1,10,57,356,irelevat,13,irelevat,5+6+2e,irelevat,-1, 361.wav,5+6+2e.bmp,1574,TRUE,
1149,1,10,58,305,irelevat,13,irelevat,1+7+5e,irelevat,-1, 362.wav,1+7+5e.bmp,1463,TRUE,
1149,1,10,59,315,irelevat,13,irelevat,4+6+3e,irelevat,-1, 363.wav,4+6+3e.bmp,984,TRUE,
1149,1,10,60,306,irelevat,13,irelevat,3+8+2e,irelevat,-1, 364.wav,3+8+2e.bmp,1054,TRUE,
1149,1,10,61,340,irelevat,13,irelevat,5+7+1e,irelevat,-1, 365.wav,5+7+1e.bmp,1133,TRUE,
1149,1,10,62,342,irelevat,13,irelevat,7+5+1e,irelevat,-1, 366.wav,7+5+1e.bmp,1274,TRUE,
1149,1,10,63,368,irelevat,13,irelevat,7+1+5e,irelevat,-1, 367.wav,7+1+5e.bmp,1113,TRUE,
1149,1,10,64,355,irelevat,13,irelevat,8+3+2e,irelevat,-1, 368.wav,8+3+2e.bmp,2024,TRUE,
1149,1,10,0,369,x,x,x,x,inst,1,1,getready.bmp,13121,TRUE,
1149,1,11,1,400,irelevat,0,irelevat,7-2-5e,irelevat,-1, 370.wav,7-2-5e.bmp,1885,TRUE,
1149,1,11,2,406,irelevat,0,irelevat,6-5-1e,irelevat,-1, 371.wav,6-5-1e.bmp,1304,TRUE,
1149,1,11,3,376,irelevat,0,irelevat,7-3-4e,irelevat,-1, 372.wav,7-3-4e.bmp,1284,TRUE,
1149,1,11,4,410,irelevat,0,irelevat,8-6-2e,irelevat,-1, 373.wav,8-6-2e.bmp,1185,TRUE,
1149,1,11,5,384,irelevat,0,irelevat,5-2-3e,irelevat,-1, 374.wav,5-2-3e.bmp,1295,TRUE,
1149,1,11,6,396,irelevat,0,irelevat,9-5-4e,irelevat,-1, 375.wav,9-5-4e.bmp,1135,TRUE,
1149,1,11,7,399,irelevat,0,irelevat,8-3-5e,irelevat,-1, 376.wav,8-3-5e.bmp,1534,TRUE,
1149,1,11,8,413,irelevat,0,irelevat,8-1-7e,irelevat,-1, 377.wav,8-1-7e.bmp,1245,TRUE,
1149,1,11,9,416,irelevat,1,irelevat,7-2-4e,irelevat,-1, 378.wav,7-2-4e.bmp,1884,TRUE,
1149,1,11,10,395,irelevat,1,irelevat,8-5-2e,irelevat,-1, 379.wav,8-5-2e.bmp,1884,TRUE,
1149,1,11,11,370,irelevat,1,irelevat,8-3-4e,irelevat,-1, 380.wav,8-3-4e.bmp,1874,TRUE,
1149,1,11,12,372,irelevat,1,irelevat,7-4-2e,irelevat,-1, 381.wav,7-4-2e.bmp,1525,TRUE,
1149,1,11,13,397,irelevat,1,irelevat,9-6-2e,irelevat,-1, 382.wav,9-6-2e.bmp,1275,TRUE,
1149,1,11,14,393,irelevat,1,irelevat,5-2-2e,irelevat,-1, 383.wav,5-2-2e.bmp,1553,TRUE,
1149,1,11,15,407,irelevat,1,irelevat,8-2-5e,irelevat,-1, 384.wav,8-2-5e.bmp,1204,TRUE,
1149,1,11,16,385,irelevat,1,irelevat,9-2-6e,irelevat,-1, 385.wav,9-2-6e.bmp,1544,TRUE,
1149,1,11,17,380,irelevat,2,irelevat,4-1-1e,irelevat,-1, 386.wav,4-1-1e.bmp,1684,TRUE,
1149,1,11,18,391,irelevat,2,irelevat,9-1-6e,irelevat,-1, 387.wav,9-1-6e.bmp,1383,TRUE,
1149,1,11,19,405,irelevat,2,irelevat,8-5-1e,irelevat,-1, 388.wav,8-5-1e.bmp,1714,TRUE,
1149,1,11,20,402,irelevat,2,irelevat,8-1-5e,irelevat,-1, 389.wav,8-1-5e.bmp,1683,TRUE,
1149,1,11,21,412,irelevat,2,irelevat,7-4-1e,irelevat,-1, 390.wav,7-4-1e.bmp,1505,TRUE,
1149,1,11,22,374,irelevat,2,irelevat,8-3-3e,irelevat,-1, 391.wav,8-3-3e.bmp,1224,TRUE,
1149,1,11,23,382,irelevat,2,irelevat,9-3-4e,irelevat,-1, 392.wav,9-3-4e.bmp,1374,TRUE,
1149,1,11,24,414,irelevat,2,irelevat,7-1-4e,irelevat,-1, 393.wav,7-1-4e.bmp,1454,TRUE,
1149,1,11,25,417,irelevat,3,irelevat,5-1-1e,irelevat,-1, 394.wav,5-1-1e.bmp,164,TRUE,
1149,1,11,26,411,irelevat,3,irelevat,9-5-1e,irelevat,-1, 395.wav,9-5-1e.bmp,1214,TRUE,
1149,1,11,27,388,irelevat,3,irelevat,6-1-2e,irelevat,-1, 396.wav,6-1-2e.bmp,1305,TRUE,
1149,1,11,28,392,irelevat,3,irelevat,8-1-4e,irelevat,-1, 397.wav,8-1-4e.bmp,1774,TRUE,
1149,1,11,29,409,irelevat,3,irelevat,8-1-4e,irelevat,-1, 398.wav,8-1-4e.bmp,1324,TRUE,
1149,1,11,30,375,irelevat,3,irelevat,9-4-2e,irelevat,-1, 399.wav,9-4-2e.bmp,1443,TRUE,
1149,1,11,31,379,irelevat,3,irelevat,9-2-4e,irelevat,-1, 400.wav,9-2-4e.bmp,1384,TRUE,
1149,1,11,32,387,irelevat,3,irelevat,9-1-5e,irelevat,-1, 401.wav,9-1-5e.bmp,1574,TRUE,
1149,1,11,33,390,irelevat,4,irelevat,6-1-1e,irelevat,-1, 402.wav,6-1-1e.bmp,1254,TRUE,
1149,1,11,34,377,irelevat,4,irelevat,9-2-3e,irelevat,-1, 403.wav,9-2-3e.bmp,2094,TRUE,
1149,1,11,35,394,irelevat,4,irelevat,8-3-1e,irelevat,-1, 404.wav,8-3-1e.bmp,1164,TRUE,
1149,1,11,36,386,irelevat,4,irelevat,7-1-2e,irelevat,-1, 405.wav,7-1-2e.bmp,1943,TRUE,
1149,1,11,37,415,irelevat,4,irelevat,8-2-2e,irelevat,-1, 406.wav,8-2-2e.bmp,1204,TRUE,
1149,1,11,38,373,irelevat,4,irelevat,9-3-2e,irelevat,-1, 407.wav,9-3-2e.bmp,1654,TRUE,
1149,1,11,39,408,irelevat,4,irelevat,8-1-3e,irelevat,-1, 408.wav,8-1-3e.bmp,1455,TRUE,
1149,1,11,40,404,irelevat,4,irelevat,9-2-3e,irelevat,-1, 409.wav,9-2-3e.bmp,1573,TRUE,
1149,1,11,41,403,irelevat,5,irelevat,7-1-1e,irelevat,-1, 410.wav,7-1-1e.bmp,1313,TRUE,
1149,1,11,42,381,irelevat,5,irelevat,8-2-1e,irelevat,-1, 411.wav,8-2-1e.bmp,1314,TRUE,
1149,1,11,43,378,irelevat,5,irelevat,9-3-1e,irelevat,-1, 412.wav,9-3-1e.bmp,1514,TRUE,
1149,1,11,44,398,irelevat,5,irelevat,8-1-2e,irelevat,-1, 413.wav,8-1-2e.bmp,1634,TRUE,
1149,1,11,45,401,irelevat,5,irelevat,9-3-1e,irelevat,-1, 414.wav,9-3-1e.bmp,1824,TRUE,
1149,1,11,46,371,irelevat,5,irelevat,9-1-3e,irelevat,-1, 415.wav,9-1-3e.bmp,1534,TRUE,
1149,1,11,47,383,irelevat,5,irelevat,7-1-1e,irelevat,-1, 416.wav,7-1-1e.bmp,1324,TRUE,
1149,1,11,48,389,irelevat,5,irelevat,9-2-2e,irelevat,-1, 417.wav,9-2-2e.bmp,1514,TRUE,
1149,1,11,0,418,x,x,x,x,inst,1,1,fin.bmp,14066,TRUE,
